{"word_id":38235001,"text":"cat","name_display":"cat","path_word":"38235001_238143.zip","sentence_type":0,"image":[{"id":64074,"link":"images/w3uUSUf3XdBKLvb38wzaKdhTWnp3URCH.png","file_path":"w3uUSUf3XdBKLvb38wzaKdhTWnp3URCH.png","images_categories_id":116,"file_type":""},{"id":30954,"link":"images/Q5G1mYPoutlNPTvpphZjW6LC8ew11FU7.png","file_path":"Q5G1mYPoutlNPTvpphZjW6LC8ew11FU7.png","images_categories_id":117,"file_type":""},{"id":40054,"link":"images/h7tLDxD0U0EpjmGgJ1aEaq8Ou5x6vgA5.png","file_path":"h7tLDxD0U0EpjmGgJ1aEaq8Ou5x6vgA5.png","images_categories_id":117,"file_type":""}],"video":[{"id":8436,"link":"video/mBddUS5mRhPLk3RrFH3VHzvomZDKpnaN.mp4","file_path":"mBddUS5mRhPLk3RrFH3VHzvomZDKpnaN.mp4","duration":3,"white_background":0,"video_categories_id":3},{"id":10123,"link":"video/uaUfIDUQUADg1942HacmUeMyJpLFfS5o.mp4","file_path":"uaUfIDUQUADg1942HacmUeMyJpLFfS5o.mp4","duration":3,"white_background":0,"video_categories_id":3}],"audio":[{"id":71887,"link":"audio/Cxio6sJzzjznTUoELWrA47FwUArNGTEG.mp3","file_path":"Cxio6sJzzjznTUoELWrA47FwUArNGTEG.mp3","duration":0,"voices_id":34,"sync_data":[]},{"id":71995,"link":"audio/zB0JPQ3E7QvZwpKvzEWMX1hAFI7OhFaX.mp3","file_path":"zB0JPQ3E7QvZwpKvzEWMX1hAFI7OhFaX.mp3","duration":0,"voices_id":50,"sync_data":[]},{"id":80049,"link":"audio/ZjWAWRuiA2Niym2gtZTsU9G3IubsrPIj.mp3","file_path":"ZjWAWRuiA2Niym2gtZTsU9G3IubsrPIj.mp3","duration":0,"voices_id":60,"sync_data":[]},{"id":80562,"link":"audio/OgVqqXe0IMEiuecTlyPUXDkTxGb3klGu.mp3","file_path":"OgVqqXe0IMEiuecTlyPUXDkTxGb3klGu.mp3","duration":1,"voices_id":59,"sync_data":[]},{"id":81197,"link":"audio/vidJVhyjyuMnItVbTXOdKHOVFykeBjzo.mp3","file_path":"vidJVhyjyuMnItVbTXOdKHOVFykeBjzo.mp3","duration":0,"voices_id":57,"sync_data":[]}],"audio_effect":[{"id":71794,"link":"audio/ctuKjk85z7lyA8PjeC8Qz7U0aadSfegF.mp3","file_path":"ctuKjk85z7lyA8PjeC8Qz7U0aadSfegF.mp3","duration":1,"voices_id":48,"sync_data":[]}],"gaf":[],"spine":[],"animation":[],"color":{"text":"","highlight":""},"filter_word":[],"phonic":[{"audio":[81197,80562,80049]}],"list_not_game":[]}