{"word_id":38235014,"text":"bat","name_display":"bat","path_word":"38235014_238143.zip","sentence_type":0,"image":[{"id":37993,"link":"images/1QInZwbn0K3eiUQWbq5Lk5DlV9Le7nM3.png","file_path":"1QInZwbn0K3eiUQWbq5Lk5DlV9Le7nM3.png","images_categories_id":117,"file_type":""},{"id":37994,"link":"images/ftYYquSm3MYWgyqTSmfxMdJxIZFyFYqN.png","file_path":"ftYYquSm3MYWgyqTSmfxMdJxIZFyFYqN.png","images_categories_id":117,"file_type":""},{"id":64080,"link":"images/uSQVfCoDgFj4x1U6aydKugaQ1bBaLZ5K.png","file_path":"uSQVfCoDgFj4x1U6aydKugaQ1bBaLZ5K.png","images_categories_id":116,"file_type":""}],"video":[{"id":8975,"link":"video/8nSpTcIAemi3HX5h8IPQSeval9Epu9SK.mp4","file_path":"8nSpTcIAemi3HX5h8IPQSeval9Epu9SK.mp4","duration":3,"white_background":0,"video_categories_id":3},{"id":8976,"link":"video/2Eq4Y6cWKsu7Qi9Sf3lcwK6pNZrOGNfE.mp4","file_path":"2Eq4Y6cWKsu7Qi9Sf3lcwK6pNZrOGNfE.mp4","duration":3,"white_background":0,"video_categories_id":3}],"audio":[{"id":80032,"link":"audio/eGR5d54k9Q1pRdKdm0i1YdNimAWQnVpZ.mp3","file_path":"eGR5d54k9Q1pRdKdm0i1YdNimAWQnVpZ.mp3","duration":0,"voices_id":60,"sync_data":[]},{"id":80546,"link":"audio/eJibcaB16ia7dgpOf9KvEaL81euNpzta.mp3","file_path":"eJibcaB16ia7dgpOf9KvEaL81euNpzta.mp3","duration":1,"voices_id":59,"sync_data":[]},{"id":81192,"link":"audio/dhLSYe2UIcauQ1Uj6DPJdJ8EDW1Wq43I.mp3","file_path":"dhLSYe2UIcauQ1Uj6DPJdJ8EDW1Wq43I.mp3","duration":0,"voices_id":57,"sync_data":[]},{"id":71884,"link":"audio/wF1iZ6Dy9E75XO0MQ3SYQQzW7lxZjInd.mp3","file_path":"wF1iZ6Dy9E75XO0MQ3SYQQzW7lxZjInd.mp3","duration":0,"voices_id":34,"sync_data":[]},{"id":77555,"link":"audio/hCmkZiMLRBN6qSppn4cPqXoZNNHWN0Qv.mp3","file_path":"hCmkZiMLRBN6qSppn4cPqXoZNNHWN0Qv.mp3","duration":0,"voices_id":50,"sync_data":[]}],"audio_effect":[{"id":71772,"link":"audio/Zh7IJIazLddr9s19WxqeTPiE9oiddUin.mp3","file_path":"Zh7IJIazLddr9s19WxqeTPiE9oiddUin.mp3","duration":0,"voices_id":48,"sync_data":[]}],"gaf":[],"spine":[],"animation":[],"color":{"text":"","highlight":""},"filter_word":[],"phonic":[{"audio":[81192,80546,80032]}],"list_not_game":[]}